URL,Meta Title,Meta Description
"https://savclip.com/en","Download Videos from All Platforms Without Watermark (HD) – SavClip","SavClip is a free online video downloader to download videos, reels, stories, and music from Instagram, Facebook, TikTok, YouTube, Twitter (X), Snapchat, and Telegram in HD without watermark. Fast, secure & unlimited downloads."
"https://savclip.com/en/instagram","Instagram Reels Downloader Without Watermark – SavClip","Download Instagram Reels without watermark in HD quality. Fast, free and secure reels downloader. Works on mobile & PC. No login required."
"https://savclip.com/en/instagram/reels","Download Instagram Reels Without Watermark (HD) – Free & Fast | SavClip","Download Instagram Reels without watermark in HD quality. Fast, free and secure reels downloader. Works on mobile & PC. No login required."
"https://savclip.com/en/instagram/story","Anonymous Instagram Story Downloader","View and download Instagram stories without the user knowing. Our tool is completely private and secure."
"https://savclip.com/en/instagram/music","Instagram to MP3 Converter","Download Instagram Reels and Videos as high-quality MP3 audio. Fast, free and secure converter."
"https://savclip.com/en/facebook","Download Facebook Videos & Reels (HD) – Free Video Downloader | SavClip","Download Facebook videos and reels in HD quality. Fast, free and secure video downloader. Works online without login."
"https://savclip.com/en/facebook/reels","Download Facebook Videos & Reels (HD) – Free Video Downloader | SavClip","Download Facebook videos and reels in HD quality. Fast, free and secure video downloader. Works online without login."
"https://savclip.com/en/facebook/story","Anonymous Facebook Story Downloader","Download Facebook stories privately. Our tool ensures you can save media without the uploader knowing."
"https://savclip.com/en/facebook/music","Best Facebook to MP3 Converter","Convert Facebook videos to high-quality MP3 audio for free. Safe, fast and works on all devices."
"https://savclip.com/en/tiktok","TikTok Video Downloader Without Watermark – SavClip","SavClip is one of the most popular TikTok video downloaders that lets you download videos without watermark in HD quality. Fast, free and secure online tool."
"https://savclip.com/en/tiktok/music","Best TikTok to MP3 Converter","Convert any TikTok video to high-quality audio. Perfect for creators looking for background music or viral sounds."
"https://savclip.com/en/tiktok/story","Download TikTok Stories Without Watermark (High Quality)","Download TikTok stories privately without watermarks. Free, fast & secure downloader for mobile & PC."
"https://savclip.com/en/youtube","Free YouTube Downloader – Download Videos, Shorts & Audio in HD/4K","Download YouTube videos, Shorts, and music in HD or 4K with SavClip. Fast, free, secure YouTube downloader online for MP4 and MP3."
"https://savclip.com/en/youtube/shorts","Download YouTube Shorts in HD (Fast & Free) – SavClip","Download YouTube Shorts in HD for free. Fast, secure and easy to use on any mobile or desktop device."
"https://savclip.com/en/youtube/music","High-Quality YouTube to MP3","Extract crystal clear audio from any YouTube video. We support 320kbps for the best listening experience."
"https://savclip.com/en/youtube/movies","Safe YouTube Movies Downloader","Download features films and movies from YouTube securely. High-speed servers ensure quick saving of large video files."
"https://savclip.com/en/twitter","Twitter Video Downloader (X) – Download Videos & GIFs in HD Without Watermark – SavClip","Download Twitter (X) videos and GIFs online in HD without watermark. Fast, free, and secure Twitter video downloader for mobile and desktop."
"https://savclip.com/en/twitter/gif","Twitter GIF to MP4 Converter","Twitter GIFs are actually small looped videos. Our tool allows you to save them as MP4 files for easy sharing."
"https://savclip.com/en/twitter/music","Twitter to MP3 Audio Downloader","Download audio from X (Twitter) videos safely and quickly. High-bitrate MP3 support for the best quality."
"https://savclip.com/en/snapchat","Snapchat Video Downloader – Download Spotlight & Stories in HD Without Watermark – SavClip","Download Snapchat videos, Spotlight, and stories online in HD without watermark. Fast, free, and secure Snapchat downloader for mobile and desktop."
"https://savclip.com/en/snapchat/story","Download Snapchat Videos & Stories Without Watermark (HD) – SavClip","Download Snapchat videos, stories and spotlight without watermark in HD quality. Fast, free and secure Snapchat downloader online."
"https://savclip.com/en/snapchat/music","Snapchat to MP3 Audio Downloader","Save Snapchat sounds and music in high resolution. The fastest way to extract audio from viral snaps."
"https://savclip.com/en/telegram","Telegram Video Downloader – Download Videos & Files in Hd Without Watermark – SavClip","Download Telegram videos, files, and media online in HD without watermark. Fast, free, and secure Telegram downloader for mobile and desktop."
"https://savclip.com/en/telegram/music","Telegram to MP3 Audio Downloader","Download Telegram audio files without needing to join channels. Fast, secure, and permanent."
"https://savclip.com/en/download_instagram_reels","Download Instagram Reels For Free - HD Quality","Download Instagram Reels in HD for free. Fast, secure and watermark-free downloader. Works on mobile & PC."
"https://savclip.com/en/reels_without_watermark","Professional Reels Downloader (No Watermark)","Our advanced extraction engine is designed to strip away platform branding while maintaining 100% of the original visual data. Perfect for high-end video archiv"
"https://savclip.com/en/instagram_story_download_without_watermark","Clean Story Extraction (No Watermark)","Are you looking for a way to perform an 'Instagram Story Download Without Watermark'? Our portal is specifically tuned to remove platform logos and attribution "
"https://savclip.com/en/instagram_private_story_download","Secure Instagram Private Story Downloader","Are you looking for a way to perform an 'Instagram Private Story Download'? Our portal is specifically tuned to handle complex media streams from private accoun"
"https://savclip.com/en/fb_video_download","Speedy & Secure FB Video Download Online","Are you looking for an 'FB Video Download' solution that is built for speed? Our dashboard is specifically optimized for high-volume requests. We utilize advanc"
"https://savclip.com/en/facebook_video_downloader","Facebook Video Downloader - Professional Video Downloader","The premier destination for high-fidelity Facebook media archiving. Our service is optimized for speed and privacy, ensuring large files are processed in second"
"https://savclip.com/en/instagram_reels_download","Instagram Reels Download - Professional Video Downloader","The premier destination for high-fidelity Instagram media archiving. Our service is optimized for speed and privacy, ensuring large files are processed in secon"
"https://savclip.com/en/reels_download","Premium Free Reels Download","Finding a reliable ""Reels Download"" option can often feel like a chore with so many ad-heavy websites cluttering the search results. Our mission with this dedic"
"https://savclip.com/en/tiktok_video_download_without_watermark","Tiktok Video Download Without Watermark - No Watermark Video Downloade","Download TikTok videos without watermark in HD quality. Fast, free and secure TikTok downloader online. No login required."
"https://savclip.com/en/youtube_shorts_download","Youtube Shorts Download - Professional Video Downloader","The premier destination for high-fidelity YouTube media archiving. Our service is optimized for speed and privacy, ensuring large files are processed in seconds"
"https://savclip.com/en/snapchat_video_download","Snapchat Video Download - Professional Video Downloader","The premier destination for high-fidelity Snapchat media archiving. Our service is optimized for speed and privacy, ensuring large files are processed in second"
"https://savclip.com/en/instagram_video_download","Instagram Video Download - Professional Video Downloader","The premier destination for high-fidelity Instagram media archiving. Our service is optimized for speed and privacy, ensuring large files are processed in secon"
"https://savclip.com/en/instagram_reels_downloader","Instagram Reels Downloader - Professional Video Downloader","The premier destination for high-fidelity Instagram media archiving. Our service is optimized for speed and privacy, ensuring large files are processed in secon"
"https://savclip.com/en/instagram_reels_download_hd","Instagram Reels Download HD - 8K & HD Video Downloader","Experience true 4K and 8K video extraction from Instagram with our elite media engine. We preserve original HDR color profiles and high bitrates that other down"
"https://savclip.com/en/download_reels_instagram_hd","Elite HD Reels Download Engine","If you want to 'Download Reels Instagram HD', you need a tool that handles high-bitrate video streams. Our platform is optimized for large files, ensuring that "
"https://savclip.com/en/instagram_video_downloader","Instagram Video Downloader - Professional Video Downloader","The premier destination for high-fidelity Instagram media archiving. Our service is optimized for speed and privacy, ensuring large files are processed in secon"
"https://savclip.com/en/how_to_download_instagram_reels","Ultimate Guide: How to Download Instagram Reels","Are you wondering 'How to Download Instagram Reels'? This comprehensive landing page explains the technical process of saving media while maintaining 100% video"
"https://savclip.com/en/download_reels_no_watermark","Clean Reels Extraction (No Watermark)","Are you searching for a way to 'Download Reels Without Watermark'? Our portal is specifically tuned to remove platform logos and attribution overlays, leaving y"
"https://savclip.com/en/save_instagram_reels_video","Professional Instagram Reels Saving Tool","If you need to 'Save Instagram Reels Video' without losing quality, our dedicated portal offers a high-bandwidth solution. We prioritize data integrity, ensurin"
"https://savclip.com/en/instagram_short_video_download","Premium Instagram Short Video Downloader","If you are looking for an 'Instagram Short Video Download' solution that doesn't sacrifice bitrate for speed, our engine is the perfect choice. We handle short-"
"https://savclip.com/en/insta_reels_saver","Premium Insta Reels Saver & Downloader","Our 'Insta Reels Saver' is engineered for users who value visual fidelity and stability. We bypass common compression hurdles to provide a direct-to-CDN saving "
"https://savclip.com/en/tiktok_video_download","Fastest TikTok Video Download Online","Our 'TikTok Video Download' solution is engineered for visual purity. We provide a direct-to-CDN extraction method that bypasses platform watermarks, ensuring y"
"https://savclip.com/en/tiktok_downloader","Tiktok Downloader - Professional Video Downloader","The premier destination for high-fidelity TikTok media archiving. Our service is optimized for speed and privacy, ensuring large files are processed in seconds "
"https://savclip.com/en/tiktok_video_downloader","Tiktok Video Downloader - Professional Video Downloader","The premier destination for high-fidelity TikTok media archiving. Our service is optimized for speed and privacy, ensuring large files are processed in seconds "
"https://savclip.com/en/tiktok_download","Tiktok Download - Professional Video Downloader","The premier destination for high-fidelity TikTok media archiving. Our service is optimized for speed and privacy, ensuring large files are processed in seconds "
"https://savclip.com/en/tiktok_download_without_watermark","Premium TikTok Download Without Watermark Engine","A TikTok Download Without Watermark is essential for professional archiving. Our tool strips away the platform branding, giving you the raw pixels in their orig"
"https://savclip.com/en/tiktok_video_download_hd","Best TikTok Video Download HD Tool","Our TikTok Video Download HD service provides the raw video file without compression, ensuring the best playback experience on large screens."
"https://savclip.com/en/tiktok_mp4_download","Speedy & Secure TikTok MP4 Download Online","Our 'TikTok MP4 Download' service is optimized for universal compatibility. The MP4 format is the gold standard for video playback, and our engine ensures that "
"https://savclip.com/en/tiktok_video_saver","Tiktok Video Saver - Anonymous Story Downloader","View and download TikTok stories and highlights with absolute anonymity. Our private extraction engine ensures that the uploader never knows you viewed or saved"
"https://savclip.com/en/how_to_download_tiktok_video","Step-by-Step: How to Download TikTok Video","Many users ask 'how to download TikTok video' without quality loss. Our platform provides the definitive answer. We've developed a specialized portal that handl"
"https://savclip.com/en/download_tiktok_video_online","Download Tiktok Video Online - Professional Video Downloader","The premier destination for high-fidelity TikTok media archiving. Our service is optimized for speed and privacy, ensuring large files are processed in seconds "
"https://savclip.com/en/save_tiktok_video_without_watermark","Professional Save TikTok Video Without Watermark tool","Are you searching for a reliable way to 'Save TikTok Video Without Watermark'? Our platform is built on direct-fetching technology that ensures you get the raw "
"https://savclip.com/en/tiktok_short_video_download","Fast TikTok Short Video Download Online","Are you looking for a 'TikTok Short Video Download' station that is optimized for speed? Our service is specifically calibrated for short-form media extraction."
"https://savclip.com/en/tiktok_reels_download","Tiktok Reels Download - Professional Video Downloader","The premier destination for high-fidelity TikTok media archiving. Our service is optimized for speed and privacy, ensuring large files are processed in seconds "
"https://savclip.com/en/facebook_video_download","Facebook Video Download - Professional Video Downloader","The premier destination for high-fidelity Facebook media archiving. Our service is optimized for speed and privacy, ensuring large files are processed in second"
"https://savclip.com/en/download_facebook_video","Fast & Secure: Download Facebook Video Online","Many users value the ability to 'Download Facebook Video' content for offline study or creative repurposing. Our engine provides the most secure path to achievi"
"https://savclip.com/en/facebook_download_video","Fast & Secure: Facebook Download Video Online","Are you looking for a 'Facebook Download Video' solution that is both fast and secure? Our platform is the premier choice for web-based extraction. We focus on "
"https://savclip.com/en/facebook_video_download_hd","Facebook Video Download HD - 8K & HD Video Downloader","Experience true 4K and 8K video extraction from Facebook with our elite media engine. We preserve original HDR color profiles and high bitrates that other downl"
"https://savclip.com/en/facebook_video_download_without_watermark","Clean & Professional: Facebook Video Download Without Watermark","Looking for an 'Facebook Video Download Without Watermark' service that truly delivers? Our dashboard is engineered to identify and strip away platform overlays"
"https://savclip.com/en/facebook_reels_download","Facebook Reels Download - Professional Video Downloader","The premier destination for high-fidelity Facebook media archiving. Our service is optimized for speed and privacy, ensuring large files are processed in second"
"https://savclip.com/en/fb_video_downloader_online","Professional & Secure FB Video Downloader Online Station","Are you searching for an 'FB Video Downloader Online' that doesn't compromise on speed or safety? Our platform is the industry's answer to high-volume media acq"
"https://savclip.com/en/facebook_video_saver","Secure & Fast Facebook Video Saver Online","Looking for a 'Facebook Video Saver' that actually works every time? Our dashboard is built for reliability and peak performance. We use specialized 'Metadata-B"
"https://savclip.com/en/how_to_download_facebook_video","Professional Guide: How to Download Facebook Video Online","Are you struggling with the complexities of how to Download Facebook Video content? Our guide is the definitive industry resource. We provide a surgical look at"
"https://savclip.com/en/download_facebook_video_online","Secure & Fast: Download Facebook Video Online (Browser-Based)","Seeking the most reliable method to Download Facebook Video Online? Our portal is specifically optimized for high-volume extraction. We leverage 'Stream-Link Br"
"https://savclip.com/en/save_facebook_video_to_phone","How to Save Facebook Video to Phone Gallery Directly","Are you looking for a way to Save Facebook Video to Phone without using sketchy third-party apps? Our web portal is the only professional-tier solution. We've o"
"https://savclip.com/en/facebook_short_video_download","Fast & Secure Facebook Short Video Download Online","Are you looking for a 'Facebook Short Video Download' tool that handles the high-bitrate requirements of modern social media? Our station is specifically tuned "
"https://savclip.com/en/facebook_private_story_download","Secure & Fast: Facebook Private Story Download Online","Seeking a reliable method for 'Facebook Private Story Download' tasks without compromising your security? Our portal is the industry-standard for web-based stor"
"https://savclip.com/en/facebook_viral_reels","Fast & Secure Facebook Viral Reels Download Online","Are you seeking a 'Facebook Viral Reels' solution that can keep up with the speed of trending media? Our station is specifically engineered to handle high-deman"
"https://savclip.com/en/facebook_trending_reels_download","Professional Facebook Trending Reels Download Engine","Looking for a 'Facebook Trending Reels Download' tool that truly delivers on its promise of quality? Our engine is specifically calibrated for trending media. W"
"https://savclip.com/en/facebook_funny_videos_download","Secure & Fast Facebook Funny Videos Download Online","Are you searching for a reliable path to a 'Facebook Funny Videos Download' without dealing with intrusive ads or sketchy software? Our platform is the premier "
"https://savclip.com/en/youtube_video_download","Youtube Video Download - Professional Video Downloader","The premier destination for high-fidelity YouTube media archiving. Our service is optimized for speed and privacy, ensuring large files are processed in seconds"
"https://savclip.com/en/youtube_downloader","Youtube Downloader - Professional Video Downloader","The premier destination for high-fidelity YouTube media archiving. Our service is optimized for speed and privacy, ensuring large files are processed in seconds"
"https://savclip.com/en/download_youtube_video_key","Professional Utility: Download YouTube Video Online","Looking for the fastest way to 'Download YouTube Video' content? our portal is engineered to provide a surgical, high-fidelity experience. We interact directly "
"https://savclip.com/en/youtube_video_downloader","Professional YouTube Video Downloader: Fast & HD","Are you seeking a 'YouTube Video Downloader' that handles the high-bitrate requirements of 4K and 8K media? Our station is specifically tuned for high-fidelity "
"https://savclip.com/en/youtube_mp4_download","Fast & Secure YouTube MP4 Download Online","Seeking a reliable 'YouTube MP4 Download' tool that preserves every pixel of the original content? Our portal is the industry-standard for web-based MP4 extract"
"https://savclip.com/en/youtube_to_mp4_key","Fast & High Quality: YouTube to MP4 Online","Seeking the absolute best way to turn 'YouTube to MP4' without losing quality? Our engine is the premier destination for high-speed conversion. We utilize 'loss"
"https://savclip.com/en/yt_video_download","Fast & Private YT Video Download Tool Online","Are you seeking a 'YT Video Download' solution that prioritize speed and user anonymity? Our station is specifically tuned for the 'Fast-Fetch' requirement of m"
"https://savclip.com/en/youtube_download_video_alt","Professional YouTube Download Video Online Utility","Are you searching for a reliable path to a 'YouTube Download Video' without dealing with intrusive ads or sketchy software? Our platform is the premier destinat"
"https://savclip.com/en/youtube_video_download_hd","Youtube Video Download HD - 8K & HD Video Downloader","Experience true 4K and 8K video extraction from YouTube with our elite media engine. We preserve original HDR color profiles and high bitrates that other downlo"
"https://savclip.com/en/youtube_video_download_without_watermark","Clean & Fast: YouTube Video Download Without Watermark","Seeking the absolute best way to 'YouTube Video Download Without Watermark' without dealing with intrusive branding or software? Our engine is the premier desti"
"https://savclip.com/en/youtube_mp4_downloader_key","Professional YouTube MP4 Downloader: Fast & Private","Looking for the most reliable 'YouTube MP4 Downloader' on the web? Our portal is built for industrial-grade reliability and peak visual performance. We use spec"
"https://savclip.com/en/youtube_video_saver","Professional YouTube Video Saver: Fast & Secure HD","Are you seeking the most reliable 'YouTube Video Saver' on the market? Our dashboard is built for industrial-grade redundancy and peak visual performance. We fo"
"https://savclip.com/en/how_to_download_youtube_video","Expert Guide: How to Download YouTube Video Online 2026","Looking for the definitive guide on 'How to Download YouTube Video' without dealing with sketchy software or low-quality rips? our portal is engineered to provi"
"https://savclip.com/en/download_youtube_video_online","Fast & High Quality: Download YouTube Video Online Tool","Seeking the absolute best way to 'Download YouTube Video Online' without losing quality? Our engine is the premier destination for high-speed archival. We utili"
"https://savclip.com/en/save_youtube_video_to_phone","Fast & Secure: Save YouTube Video to Phone Online","Seeking the most reliable way to 'Save YouTube Video to Phone' without dealing with intrusive ads or sketchy apps? Our mobile-ready dashboard is built for indus"
"https://savclip.com/en/youtube_short_video_download","Fast & Secure: YouTube Short Video Download Online HD","Are you seeking a 'YouTube Short Video Download' solution that handles the unique vertical aspect ratios of modern social media? Our station is specifically tun"
"https://savclip.com/en/youtube_playlist_download","Batch YouTube Playlist Download Service","Save time and data with our YouTube Playlist Download tool. We handle the heavy lifting of fetching multiple links simultaneously, ensuring your entire collecti"
"https://savclip.com/en/youtube_movie_download","Professional YouTube Movie Download Station Online","Are you searching for a 'YouTube Movie Download' solution that handles the unique bitrate and audio requirements of long-form cinematic media? Our station is sp"
"https://savclip.com/en/youtube_movie_clips","Fast & Secure: YouTube Movie Clips Download Online","Seeking the most reliable path to 'YouTube Movie Clips' extraction without dealing with intrusive ads or software? Our dashboard is built for industrial-grade r"
"https://savclip.com/en/youtube_clips_download","Professional YouTube Clips Download: Fast & HD Online","Searching for a reliable 'YouTube Clips Download' tool that handles high-volume requests without visual loss? Our station is built for industrial-grade redundan"
"https://savclip.com/en/youtube_video_clips_key","Secure & Fast: YouTube Video Clips Online Tool","Are you seeking the most reliable way to capture 'YouTube Video Clips' without dealt with intrusive ads or software? Our station is specifically tuned for high-"
"https://savclip.com/en/snapchat_downloader","Professional Snapchat Downloader: Fast & Private Online","Looking for the most reliable 'Snapchat Downloader' on the web? Our portal is built for industrial-grade reliability and peak visual performance. We use special"
"https://savclip.com/en/download_snapchat_video_key","Fast & High Quality: Download Snapchat Video Tool","Seeking the absolute best way to 'Download Snapchat Video' without losing quality? Our engine is the premier destination for high-speed archival. We utilize 'Lo"
"https://savclip.com/en/snapchat_video_saver","Professional Snapchat Video Saver: Fast & Secure HD","Are you seeking the most reliable 'Snapchat Video Saver' on the market? Our dashboard is built for industrial-grade redundancy and peak visual performance. We f"
"https://savclip.com/en/snapchat_download","Fast & High Quality: Snapchat Download Tool Online","Seeking the absolute best way to 'Snapchat Download' without dealt with intrusive software or low-quality rips? our portal is engineered to provide a surgical, "
"https://savclip.com/en/snapchat_video_download_hd","Secure & Fast: Snapchat Video Download HD Online","Are you seeking the most reliable way to perform a 'Snapchat Video Download HD' without dealing with intrusive ads or software? Our station is specifically tune"
"https://savclip.com/en/snapchat_video_download_without_watermark","Clean & Fast: Snapchat Video Download Without Watermark HD","Are you searching for a 'Snapchat Video Download Without Watermark' solution that actually delivers bit-perfect, clean results? Our station is specifically tune"
"https://savclip.com/en/snapchat_story_download","Secure Snapchat Story Download Engine","Our Snapchat Story Download engine is optimized for the ephemeral nature of the platform. We ensure you can capture and keep the moments that matter before they"
"https://savclip.com/en/snapchat_downloader_online","Secure & Fast: Snapchat Downloader Online Tool Online","Seeking the absolute best 'Snapchat Downloader Online' without dealt with intrusive software or low-quality rips? Our portal is engineered to provide a surgical"
"https://savclip.com/en/snapchat_video_saver_online","Fast & Secure Snapchat Video Saver Online Tool HD","Searching for the most reliable 'Snapchat Video Saver Online' on the web? Our mobile-ready dashboard is built for industrial-grade redundancy and peak visual pe"
"https://savclip.com/en/how_to_download_snapchat_video","Expert Guide: How to Download Snapchat Video Fast & HD","Looking for the most reliable instructions on 'How to Download Snapchat Video' across every device? Our portal is built for industrial-grade reliability and pea"
"https://savclip.com/en/download_snapchat_video_online","Fast & High Quality: Download Snapchat Video Online Tool","Seeking the absolute best way to 'Download Snapchat Video Online' without lose any quality? Our portal is the premier destination for high-speed, browser-based "
"https://savclip.com/en/snapchat_spotlight_download","Snapchat Spotlight Download - Professional Video Downloader","The premier destination for high-fidelity Snapchat media archiving. Our service is optimized for speed and privacy, ensuring large files are processed in second"
"https://savclip.com/en/snapchat_mp4_download","Secure & Fast: Snapchat MP4 Download Online Tool HD","Are you seeking the most reliable way to perform a 'Snapchat MP4 Download' without dealing with intrusive ads or software? Our station is specifically tuned for"
"https://savclip.com/en/snapchat_to_mp4","Fast & High Quality: Snapchat to MP4 Converter Online","Seeking the absolute best 'Snapchat to MP4' converter without lose any quality? Our portal is the premier destination for high-speed, browser-based archival. We"
"https://savclip.com/en/telegram_video_download","Safe Telegram Video Download Portal","Our Telegram Video Download service is optimized for privacy. We bridge the gap between Telegram's secure servers and your device, providing a direct link to th"
"https://savclip.com/en/telegram_downloader","Fast Telegram Downloader for Every Link","Whether it's a video, photo, or document, our Telegram Downloader handles it all. We ensure that you get the original source quality without any speed bottlenec"
"https://savclip.com/en/download_telegram_video","Fast & High Quality: Download Telegram Video Online Tool","Are you seeking the most reliable way to 'Download Telegram Video' without lose any quality? Our portal is the premier destination for high-speed, browser-based"
"https://savclip.com/en/telegram_video_saver","Premium Telegram Video Saver - Free & Secure","Our 'Telegram Video Saver' is engineered for users who value speed and privacy above all else. Unlike standard tools, our Telegram Video Saver performs a direct"
"https://savclip.com/en/telegram_download_video","Master Your Media: Telegram Download Video Utility","When you need to initiate a 'Telegram Download Video' task, latency and quality are your two biggest enemies. Our portal is specifically designed to eliminate b"
"https://savclip.com/en/telegram_video_download_hd","Visual Excellence: Telegram Video Download HD Tool","Standard downloaders often sacrifice quality for speed, but our 'Telegram Video Download HD' utility refuses to compromise. We are one of the few platforms that"
"https://savclip.com/en/telegram_video_download_without_watermark","Clean & Pure: Telegram Video Download Without Watermark","When creators share content, preserving its original aesthetics is key. Our 'Telegram Video Download Without Watermark' service is tailored for users who need c"
"https://savclip.com/en/telegram_downloader_online","The Premium Telegram Downloader Online Web App","Why install sketchy software when you can use the best 'Telegram Downloader Online'? Our platform offers instant access to Telegram media right from your browse"
"https://savclip.com/en/telegram_video_saver_online","Efficient & Free: Telegram Video Saver Online","Secure your clips fast with the top-tier 'Telegram Video Saver Online'. We provide a hassle-free environment that processes large video files without breaking a"
"https://savclip.com/en/telegram_private_video_download","Fast & Secure: Telegram Private Video Download","Access your restricted media with the highest success rate using the 'Telegram Private Video Download' portal. We provide a hassle-free environment that process"
"https://savclip.com/en/how_to_download_telegram_video","Expert Knowledge: How to Download Telegram Video Fast","Curious about 'How to Download Telegram Video' efficiently? We provide an ad-light, fast interface specifically for high-fidelity acquisitions."
"https://savclip.com/en/download_telegram_video_online","Effortless & Immediate: Download Telegram Video Online","Looking to 'Download Telegram Video Online' quickly? Our server acts as a rapid passthrough for your media assets."
"https://savclip.com/en/save_telegram_video_to_phone","Quick Guide: Save Telegram Video to Phone","Want to 'Save Telegram Video to Phone' securely? Utilize our backend extraction architecture to cleanly export videos to your mobile gallery."
"https://savclip.com/en/telegram_video_download_link","Process Your Telegram Video Download Link Promptly","Have a 'Telegram Video Download Link'? Paste it here to extract the media inside instantly. Our tool guarantees efficient extraction with pure quality retention"
"https://savclip.com/en/telegram_channel_video_download","High-Fidelity Telegram Channel Video Download","Need a 'Telegram Channel Video Download'? We specialize in pulling pristine data from large public channels quickly and cleanly."
"https://savclip.com/en/twitter_video_download","Twitter Video Download - Professional Video Downloader","The premier destination for high-fidelity Twitter media archiving. Our service is optimized for speed and privacy, ensuring large files are processed in seconds"
"https://savclip.com/en/x_video_download","X Video Download - Professional Video Downloader","The premier destination for high-fidelity Twitter media archiving. Our service is optimized for speed and privacy, ensuring large files are processed in seconds"
"https://savclip.com/en/download_twitter_video","The Best Way to Download Twitter Video","Want to 'Download Twitter Video' offline? Use our rapid node framework to fetch media from the world's fastest news network seamlessly."
"https://savclip.com/en/twitter_downloader","Universal Tool: Twitter Downloader","Are you seeking a reliable 'Twitter Downloader' tool? Process your links instantly and retain full HD quality."
"https://savclip.com/en/twitter_video_saver","Safe Storage: Twitter Video Saver","Looking for a 'Twitter Video Saver'? Archive the best memes and news directly from your feed to your personal device."
"https://savclip.com/en/twitter_video_download_hd","Crystal Clear: Twitter Video Download HD","Need a 'Twitter Video Download HD'? Retain every pixel and avoid the compression common with screen recordings."
"https://savclip.com/en/twitter_video_download_without_watermark","Unbranded: Twitter Video Download Without Watermark","Need a 'Twitter Video Download Without Watermark'? Our parsing logic strips out UI overlays and delivers the raw video file perfectly."
"https://savclip.com/en/twitter_downloader_online","Web Based: Twitter Downloader Online","Using a reliable 'Twitter Downloader Online' prevents malicious software. Process everything rapidly within your secure browser session."
"https://savclip.com/en/x_video_downloader_online","Rebranded: X Video Downloader Online","Searching for an 'X Video Downloader Online'? Use our upgraded node topology designed specifically around their new API architectures."
"https://savclip.com/en/twitter_gif_download","Twitter Gif Download - Professional Video Downloader","The premier destination for high-fidelity Twitter media archiving. Our service is optimized for speed and privacy, ensuring large files are processed in seconds"
"https://savclip.com/en/download_twitter_gif","Save Animations: Download Twitter GIF","If you need to 'Download Twitter GIF' media, our system bypasses standard restrictions, transcoding the file instantly for universal sharing."
"https://savclip.com/en/save_twitter_video_to_phone","Mobile Archiving: Save Twitter Video To Phone","Want to 'Save Twitter Video To Phone'? Bypass the need for sketchy app store software and process everything through your mobile browser."
"https://savclip.com/en/twitter_video_download_link","URL Parsing: Twitter Video Download Link","Need a reliable tool to resolve a 'Twitter Video Download Link'? Our system instantly bridges the URL to the raw source file."
"https://savclip.com/en/how_to_download_twitter_video","Tutorial & Tool: How To Download Twitter Video","Searching for 'How To Download Twitter Video'? Our portal provides instant URL parsing to extract clips directly to your phone or PC."
"https://savclip.com/en/twitter_video_mp4_download","Direct File Access: Twitter Video MP4 Download","Looking for a 'Twitter Video MP4 Download'? Access universally compatible media files extracted straight from X's hidden CDNs."
"https://savclip.com/en/instagram_photo_download","Best Instagram Photo Download for Photographers","Our Instagram Photo Download service bypasses the app's compression, allowing you to save the original source file for professional use or high-quality viewing."
"https://savclip.com/en/instagram_dp_download","Instagram Dp Download - Download Instagram Media in HD","Our Instagram Dp Download tool is the premier choice for creators and social media enthusiasts. In the digital age, being able to archive high-quality media is "
"https://savclip.com/en/instagram_profile_viewer","Premium Instagram Profile Picture Viewer Tool","Our ""Instagram Profile Picture Viewer"" is the ultimate utility for social media users who value privacy and clarity. In an era where online identity is everythi"
"https://savclip.com/en/instagram_highlights_download","Instagram Highlights Download - HD & Secure","Are you searching for an 'Instagram Highlights Download' that preserves original quality? Our tool is engineered for high-resolution extraction."
"https://savclip.com/en/instagram_audio_download","Instagram Audio Download - High Quality MP3","Searching for a reliable 'Instagram Audio Download' service? Our platform allows you to extract high-bitrate audio from any video post instantly."
"https://savclip.com/en/instagram_igtv_download","Pro Grade Instagram IGTV Download Service","Long-form content on Instagram, formerly known as IGTV, contains some of the platform's most valuable tutorials, documentaries, and interviews. Our ""Instagram I"
"https://savclip.com/en/instagram_reels_no_login","Anonymous Instagram Reels Download Without Login","Privacy and speed are the two pillars of our ""Instagram Reels Download Without Login"" service. We understand that many users prefer not to link their personal s"
"https://savclip.com/en/instagram_private_video","Secure Instagram Private Video Download Utility","Saving content from private accounts is inherently more complex due to Instagram's protective layers, but our ""Instagram Private Video Download"" service simplif"
"https://savclip.com/en/instagram_video_apk","Fastest Instagram Video Downloader APK for Android","While our web tools are powerful, users on the go often prefer a more integrated experience, which is why we created the ""Instagram Video Downloader APK"". This "
"https://savclip.com/en/instagram_bulk_download","Batch Download Instagram Videos & Reels in One Click","Are you a content creator, researcher, or media enthusiast who needs to save multiple Instagram videos at once? Our specialized ""Instagram Bulk Video Download"" "
"https://savclip.com/en/instagram_link_downloader","Instant Instagram Link to MP4 Downloader","Sometimes, all you have is a URL and a need to save that media for later. Our ""Instagram Link Downloader"" is the most direct way to turn any Instagram post link"
"https://savclip.com/en/how_to_download_reels_no_watermark","Ultimate Guide: How to Download Instagram Reels Without Watermark","Downloading a video is one thing, but getting a clean, professional version without distractions is another. In this guide on ""How to Download Instagram Reels W"
"https://savclip.com/en/instagram_video_converter","Instagram Video Converter - Download Instagram Media in HD","Our Instagram Video Converter tool is the premier choice for creators and social media enthusiasts. In the digital age, being able to archive high-quality media"
"https://savclip.com/en/instagram_reels_to_mp3","Premium Instagram Reels to MP3 Converter","Sometimes the audio is the best part. Our Instagram Reels to MP3 converter extracts the raw audio stream without re-encoding, preserving every detail of the ori"
"https://savclip.com/en/how_to_download_stories","Comprehensive Guide: How to Download Instagram Stories Anonymously","Stories are fleeting, but your favorite moments don't have to be. In our definitive guide on ""How to Download Instagram Stories,"" we show you exactly how to pre"
"https://savclip.com/en/facebook_photo_download","Download Facebook Photos in HD | 1080p HD","Best free facebook photo download tool to save your favorite media directly to your gallery."
"https://savclip.com/en/facebook_profile_picture_viewer","Facebook Profile Picture Viewer | 1080p HD","Best free view facebook profile picture tool to save your favorite media directly to your gallery."
"https://savclip.com/en/facebook_story_download_without_login","Facebook Story Download Without Login | 1080p HD","Best free facebook story download without login tool to save your favorite media directly to your gallery."
"https://savclip.com/en/facebook_video_downloader_without_login","Facebook Video Downloader Without Login | Fast & Secure","Discover the best free facebook video downloader without login tool to easily save media securely and effortlessly."
"https://savclip.com/en/facebook_private_video_downloader","Facebook Private Video Downloader - Professional Video Downloader","The premier destination for high-fidelity Facebook media archiving. Our service is optimized for speed and privacy, ensuring large files are processed in second"
"https://savclip.com/en/facebook_video_downloader_apk","Facebook Video Downloader APK | Fast & Secure","Discover the best free facebook video downloader apk tool to easily save media securely and effortlessly."
"https://savclip.com/en/facebook_link_video_downloader","Facebook Link Video Downloader | Fast & Secure","Discover the best free facebook link video downloader tool to easily save media securely and effortlessly."
"https://savclip.com/en/how_to_download_facebook_video_without_watermark","How to Download Facebook Video Without Watermark | Fast & Secure","Discover the best free how to download facebook video without watermark tool to easily save media securely and effortlessly."
"https://savclip.com/en/facebook_video_download_using_link","Facebook Video Download Using Link | Fast & Secure","Discover the best free facebook video download using link tool to easily save media securely and effortlessly."
"https://savclip.com/en/tiktok_video_downloader_without_login","TikTok Video Downloader Without Login | Fast & Secure","Discover the best free tiktok video downloader without login tool to easily save media securely and effortlessly."
"https://savclip.com/en/tiktok_private_video_download","TikTok Private Video Download | Fast & Secure","Discover the best free tiktok private video download tool to easily save media securely and effortlessly."
"https://savclip.com/en/tiktok_video_downloader_apk","TikTok Video Downloader APK | Fast & Secure","Discover the best free tiktok video downloader apk tool to easily save media securely and effortlessly."
"https://savclip.com/en/tiktok_link_downloader","Fast TikTok Link Downloader for Every User","Our TikTok Link Downloader is the ultimate shortcut to media extraction. We prioritize direct stream links to ensure the highest possible download speed and suc"
"https://savclip.com/en/how_to_download_tiktok_video_without_watermark_guide","How to Download TikTok Video Without Watermark | No Watermark & Secure","Best free how to download tiktok video without watermark tool to save TikTok media directly and securely."
"https://savclip.com/en/tiktok_video_download_using_link","TikTok Video Download Using Link | No Watermark & Secure","Best free tiktok video download using link tool to save TikTok media directly and securely."
"https://savclip.com/en/youtube_channel_video_download","YouTube Channel Video Download | 4K & MP4","Best free youtube channel video download tool to save YouTube media directly and securely."
"https://savclip.com/en/youtube_audio_download","YouTube Audio Download | 4K & MP4","Best free youtube audio download tool to save YouTube media directly and securely."
"https://savclip.com/en/youtube_video_downloader_without_login","YouTube Video Downloader Without Login | 4K & MP4","Best free youtube video downloader without login tool to save YouTube media directly and securely."
"https://savclip.com/en/youtube_private_video_download","YouTube Private Video Download | Safe & Fast","Best free youtube private video download tool to save YouTube media directly and securely."
"https://savclip.com/en/youtube_video_downloader_apk","YouTube Video Downloader APK | Safe & Fast","Best free youtube video downloader apk tool to save YouTube media directly and securely."
"https://savclip.com/en/youtube_link_video_downloader","YouTube Link Video Downloader | Safe & Fast","Best free youtube link video downloader tool to save YouTube media directly and securely."
"https://savclip.com/en/download_youtube_shorts_without_watermark","Download YouTube Shorts Without Watermark | Safe & Fast","Best free youtube shorts download without watermark tool to save YouTube media directly and securely."
"https://savclip.com/en/youtube_video_download_using_link_v2","YouTube Video Download Using Link | Safe & Fast","Best free youtube video download using link tool to save YouTube media directly and securely."
"https://savclip.com/en/youtube_video_to_mp3","YouTube Video to MP3 | Safe & Fast","Best free youtube video to mp3 tool to save YouTube media directly and securely."
"https://savclip.com/en/snapchat_video_downloader_without_login","Snapchat Video Downloader Without Login | No Watermark & Secure","Discover the best free snapchat video downloader without login tool to save Snapchat media directly and securely."
"https://savclip.com/en/snapchat_private_video_download","Snapchat Private Video Download | No Watermark & Secure","Discover the best free snapchat private video download tool to save Snapchat media directly and securely."
"https://savclip.com/en/snapchat_video_downloader_apk","Snapchat Video Downloader APK | No Watermark & Secure","Discover the best free snapchat video downloader apk tool to save Snapchat media directly and securely."
"https://savclip.com/en/snapchat_link_downloader","Snapchat Link Downloader | No Watermark & Secure","Discover the best free snapchat link downloader tool to save Snapchat media directly and securely."
"https://savclip.com/en/how_to_download_snapchat_video_without_watermark_guide","How to Download Snapchat Video Without Watermark | No Watermark & Secu","Discover the best free how to download snapchat video without watermark tool to save Snapchat media directly and securely."
"https://savclip.com/en/save_snapchat_story_without_login","Save Snapchat Story Without Login | No Watermark & Secure","Discover the best free save snapchat story without login tool to save Snapchat media directly and securely."
"https://savclip.com/en/download_snapchat_spotlight_video_in_hd","Download Snapchat Spotlight Video in HD | HD & Secure","Best free snapchat spotlight hd download tool to save Snapchat media directly and securely."
"https://savclip.com/en/snapchat_video_download_using_link_v2","Snapchat Video Download Using Link | HD & Secure","Best free snapchat video download using link tool to save Snapchat media directly and securely."
"https://savclip.com/en/snapchat_video_to_mp3","Snapchat Video to MP3 | HD & Secure","Best free snapchat video to mp3 tool to save Snapchat media directly and securely."
"https://savclip.com/en/download_reels_without_watermark","Download Reels Without Watermark | Fast & Secure","Discover the most reliable way to perform download reels without watermark. Our free tool ensures maximum quality with zero technical hurdles."
"https://savclip.com/en/download_snapchat_video","Download Snapchat Video | Fast & Secure","Discover the most reliable way to perform download snapchat video. Our free tool ensures maximum quality with zero technical hurdles."
"https://savclip.com/en/download_tiktok_video","Download Tiktok Video | Fast & Secure","Discover the most reliable way to perform download tiktok video. Our free tool ensures maximum quality with zero technical hurdles."
"https://savclip.com/en/download_youtube_video","Download Youtube Video | Fast & Secure","Discover the most reliable way to perform download youtube video. Our free tool ensures maximum quality with zero technical hurdles."
"https://savclip.com/en/how_to_download_instagram_reels_without_watermark","How To Download Instagram Reels Without Watermark | Fast & Secure","Discover the most reliable way to perform how to download instagram reels without watermark. Our free tool ensures maximum quality with zero technical hurdles."
"https://savclip.com/en/how_to_download_instagram_stories","How To Download Instagram Stories | Fast & Secure","Discover the most reliable way to perform how to download instagram stories. Our free tool ensures maximum quality with zero technical hurdles."
"https://savclip.com/en/how_to_download_snapchat_video_without_watermark","How To Download Snapchat Video Without Watermark | Fast & Secure","Discover the most reliable way to perform how to download snapchat video without watermark. Our free tool ensures maximum quality with zero technical hurdles."
"https://savclip.com/en/how_to_download_tiktok_video_without_watermark","How To Download Tiktok Video Without Watermark | Fast & Secure","Discover the most reliable way to perform how to download tiktok video without watermark. Our free tool ensures maximum quality with zero technical hurdles."
"https://savclip.com/en/instagram_bulk_video_download","Instagram Bulk Video Download | Fast & Secure","Discover the most reliable way to perform instagram bulk video download. Our free tool ensures maximum quality with zero technical hurdles."
"https://savclip.com/en/instagram_dp_download_hd","Instagram Dp Download HD - 8K & HD Video Downloader","Experience true 4K and 8K video extraction from Instagram with our elite media engine. We preserve original HDR color profiles and high bitrates that other down"
"https://savclip.com/en/instagram_private_video_download","Instagram Private Video Download | Fast & Secure","Discover the most reliable way to perform instagram private video download. Our free tool ensures maximum quality with zero technical hurdles."
"https://savclip.com/en/instagram_reels_download_without_login","Instagram Reels Download Without Login | Fast & Secure","Discover the most reliable way to perform instagram reels download without login. Our free tool ensures maximum quality with zero technical hurdles."
"https://savclip.com/en/instagram_video_downloader_apk","Instagram Video Downloader Apk | Fast & Secure","Discover the most reliable way to perform instagram video downloader apk. Our free tool ensures maximum quality with zero technical hurdles."
"https://savclip.com/en/reels_video_download_online","Reels Video Download Online | Fast & Secure","Discover the most reliable way to perform reels video download online. Our free tool ensures maximum quality with zero technical hurdles."
"https://savclip.com/en/snapchat_video_download_using_link","Snapchat Video Download Using Link | Fast & Secure","Discover the most reliable way to perform snapchat video download using link. Our free tool ensures maximum quality with zero technical hurdles."
"https://savclip.com/en/youtube_download_video","Youtube Download Video | Fast & Secure","Discover the most reliable way to perform youtube download video. Our free tool ensures maximum quality with zero technical hurdles."
"https://savclip.com/en/youtube_mp4_downloader","Youtube Mp4 Downloader | Fast & Secure","Discover the most reliable way to perform youtube mp4 downloader. Our free tool ensures maximum quality with zero technical hurdles."
"https://savclip.com/en/youtube_to_mp4","Youtube To Mp4 - Professional Video Downloader","The premier destination for high-fidelity YouTube media archiving. Our service is optimized for speed and privacy, ensuring large files are processed in seconds"
"https://savclip.com/en/youtube_video_clips","Youtube Video Clips | Fast & Secure","Discover the most reliable way to perform youtube video clips. Our free tool ensures maximum quality with zero technical hurdles."
"https://savclip.com/en/youtube_video_download_using_link","Youtube Video Download Using Link | Fast & Secure","Discover the most reliable way to perform youtube video download using link. Our free tool ensures maximum quality with zero technical hurdles."
"https://savclip.com/en/twitter_video_downloader","Quick Twitter Video Downloader Service","Our Twitter Video Downloader is specifically built to handle the X.com ecosystem. We extract high-bitrate media from tweets, ensuring you get the best possible "
"https://savclip.com/en/pinterest_video_download","Fast Pinterest Video Download Hub","Our Pinterest Video Download service is optimized for high-fidelity extraction. We ensure that the vibrant colors and clarity of your favorite pins are preserve"
"https://savclip.com/en/threads_video_download","Elite Threads Video Download Portal","Stay ahead of the trend with our specialized Threads Video Download engine. We support the latest media formats from Instagram's text-based platform, providing "
"https://savclip.com/en/instagram_downloader_india","Instagram Downloader India - Fast & Free","Best tool for Indian users to save reels and stories."
"https://savclip.com/en/instagram_downloader_usa","Instagram Downloader USA - 4K Quality","Premium downloader for the United States market."
"https://savclip.com/en/instagram_downloader_brazil","Instagram Downloader Brazil - Grátis","O melhor baixador de reels para o Brasil."
"https://savclip.com/en/instagram_downloader_indonesia","Instagram Downloader Indonesia - Cepat","Layanan unduh reels terbaik di Indonesia."
"https://savclip.com/en/facebook_video_download_india","FB Video Download India - HD Quality","Download any Facebook video in India."
"https://savclip.com/en/youtube_shorts_download_india","YouTube Shorts Download India - Free","Save YT Shorts directly to gallery in India."
"https://savclip.com/en/tiktok_download_usa","TikTok Downloader USA - No Watermark","Fastest way to save TikToks in the US."
"https://savclip.com/en/reels_downloader_pakistan","Reels Downloader Pakistan - 1080p","Download Instagram reels in Pakistan safely."
"https://savclip.com/en/instagram_reels_download_bangladesh","Instagram Reels Download BD - Free","Best reels downloader for Bangladesh."
"https://savclip.com/en/youtube_to_mp3_320kbps","YouTube to MP3 320kbps - HD Audio","Crystal clear audio extraction for music lovers."
"https://savclip.com/en/instagram_video_download_4k","Instagram Video Download 4K - Ultra HD","Professional 4K downloader for Instagram media."
"https://savclip.com/en/facebook_reels_no_watermark","Facebook Reels Downloader No Watermark","Save FB reels without platform branding."
"https://savclip.com/en/tiktok_video_saver_no_login","TikTok Saver No Login - Private","Save any TikTok video without logging in."
"https://savclip.com/en/youtube_mp4_downloader_hd","YouTube MP4 Downloader HD - Safe","Fastest YT to MP4 converter in high resolution."
"https://savclip.com/en/snapchat_spotlight_saver_hd","Snapchat Spotlight Downloader HD","Save Snapchat videos in original quality."
"https://savclip.com/en/twitter_video_saver_x","Twitter (X) Video Downloader - Fast","Save any video or GIF from X platform."
"https://savclip.com/en/instagram_bulk_reels_download","Instagram Bulk Downloader - Pro","Download entire Instagram profiles and reels in batch."
"https://savclip.com/en/private_instagram_video_saver","Private Insta Video Downloader - Secure","Save private media safely and anonymously."
"https://savclip.com/en/instagram_story_viewer_anonymous","Anonymous Insta Story Viewer","View Instagram stories privately without an account."
"https://savclip.com/en/facebook_private_video_downloader_hd","FB Private Video Downloader HD","Download videos from private Facebook groups and profiles."
"https://savclip.com/en/social_downloader_pro_1","Social Downloader Pro v1 - Fast & Free","Professional tool for saving content from all platforms version 1."
"https://savclip.com/en/social_downloader_pro_2","Social Downloader Pro v2 - Fast & Free","Professional tool for saving content from all platforms version 2."
"https://savclip.com/en/social_downloader_pro_3","Social Downloader Pro v3 - Fast & Free","Professional tool for saving content from all platforms version 3."
"https://savclip.com/en/social_downloader_pro_4","Social Downloader Pro v4 - Fast & Free","Professional tool for saving content from all platforms version 4."
"https://savclip.com/en/social_downloader_pro_5","Social Downloader Pro v5 - Fast & Free","Professional tool for saving content from all platforms version 5."
"https://savclip.com/en/social_downloader_pro_6","Social Downloader Pro v6 - Fast & Free","Professional tool for saving content from all platforms version 6."
"https://savclip.com/en/social_downloader_pro_7","Social Downloader Pro v7 - Fast & Free","Professional tool for saving content from all platforms version 7."
"https://savclip.com/en/social_downloader_pro_8","Social Downloader Pro v8 - Fast & Free","Professional tool for saving content from all platforms version 8."
"https://savclip.com/en/social_downloader_pro_9","Social Downloader Pro v9 - Fast & Free","Professional tool for saving content from all platforms version 9."
"https://savclip.com/en/social_downloader_pro_10","Social Downloader Pro v10 - Fast & Free","Professional tool for saving content from all platforms version 10."
"https://savclip.com/en/social_downloader_pro_11","Social Downloader Pro v11 - Fast & Free","Professional tool for saving content from all platforms version 11."
"https://savclip.com/en/social_downloader_pro_12","Social Downloader Pro v12 - Fast & Free","Professional tool for saving content from all platforms version 12."
"https://savclip.com/en/social_downloader_pro_13","Social Downloader Pro v13 - Fast & Free","Professional tool for saving content from all platforms version 13."
"https://savclip.com/en/social_downloader_pro_14","Social Downloader Pro v14 - Fast & Free","Professional tool for saving content from all platforms version 14."
"https://savclip.com/en/social_downloader_pro_15","Social Downloader Pro v15 - Fast & Free","Professional tool for saving content from all platforms version 15."
"https://savclip.com/en/social_downloader_pro_16","Social Downloader Pro v16 - Fast & Free","Professional tool for saving content from all platforms version 16."
"https://savclip.com/en/social_downloader_pro_17","Social Downloader Pro v17 - Fast & Free","Professional tool for saving content from all platforms version 17."
"https://savclip.com/en/social_downloader_pro_18","Social Downloader Pro v18 - Fast & Free","Professional tool for saving content from all platforms version 18."
"https://savclip.com/en/social_downloader_pro_19","Social Downloader Pro v19 - Fast & Free","Professional tool for saving content from all platforms version 19."
"https://savclip.com/en/social_downloader_pro_20","Social Downloader Pro v20 - Fast & Free","Professional tool for saving content from all platforms version 20."
"https://savclip.com/en/social_downloader_pro_21","Social Downloader Pro v21 - Fast & Free","Professional tool for saving content from all platforms version 21."
"https://savclip.com/en/social_downloader_pro_22","Social Downloader Pro v22 - Fast & Free","Professional tool for saving content from all platforms version 22."
"https://savclip.com/en/social_downloader_pro_23","Social Downloader Pro v23 - Fast & Free","Professional tool for saving content from all platforms version 23."
"https://savclip.com/en/social_downloader_pro_24","Social Downloader Pro v24 - Fast & Free","Professional tool for saving content from all platforms version 24."
"https://savclip.com/en/social_downloader_pro_25","Social Downloader Pro v25 - Fast & Free","Professional tool for saving content from all platforms version 25."
"https://savclip.com/en/social_downloader_pro_26","Social Downloader Pro v26 - Fast & Free","Professional tool for saving content from all platforms version 26."
"https://savclip.com/en/social_downloader_pro_27","Social Downloader Pro v27 - Fast & Free","Professional tool for saving content from all platforms version 27."
"https://savclip.com/en/social_downloader_pro_28","Social Downloader Pro v28 - Fast & Free","Professional tool for saving content from all platforms version 28."
"https://savclip.com/en/social_downloader_pro_29","Social Downloader Pro v29 - Fast & Free","Professional tool for saving content from all platforms version 29."
"https://savclip.com/en/social_downloader_pro_30","Social Downloader Pro v30 - Fast & Free","Professional tool for saving content from all platforms version 30."
"https://savclip.com/en/social_downloader_pro_31","Social Downloader Pro v31 - Fast & Free","Professional tool for saving content from all platforms version 31."
"https://savclip.com/en/social_downloader_pro_32","Social Downloader Pro v32 - Fast & Free","Professional tool for saving content from all platforms version 32."
"https://savclip.com/en/social_downloader_pro_33","Social Downloader Pro v33 - Fast & Free","Professional tool for saving content from all platforms version 33."
"https://savclip.com/en/social_downloader_pro_34","Social Downloader Pro v34 - Fast & Free","Professional tool for saving content from all platforms version 34."
"https://savclip.com/en/social_downloader_pro_35","Social Downloader Pro v35 - Fast & Free","Professional tool for saving content from all platforms version 35."
"https://savclip.com/en/social_downloader_pro_36","Social Downloader Pro v36 - Fast & Free","Professional tool for saving content from all platforms version 36."
"https://savclip.com/en/social_downloader_pro_37","Social Downloader Pro v37 - Fast & Free","Professional tool for saving content from all platforms version 37."
"https://savclip.com/en/social_downloader_pro_38","Social Downloader Pro v38 - Fast & Free","Professional tool for saving content from all platforms version 38."
"https://savclip.com/en/social_downloader_pro_39","Social Downloader Pro v39 - Fast & Free","Professional tool for saving content from all platforms version 39."
"https://savclip.com/en/social_downloader_pro_40","Social Downloader Pro v40 - Fast & Free","Professional tool for saving content from all platforms version 40."
"https://savclip.com/en/instagram_downloader_mexico","Instagram Downloader Mexico - Best Tool","High speed media saving for users in Mexico."
"https://savclip.com/en/facebook_downloader_mexico","Facebook Downloader Mexico - Free","Download Facebook videos safely in Mexico."
"https://savclip.com/en/instagram_downloader_germany","Instagram Downloader Germany - Best Tool","High speed media saving for users in Germany."
"https://savclip.com/en/facebook_downloader_germany","Facebook Downloader Germany - Free","Download Facebook videos safely in Germany."
"https://savclip.com/en/instagram_downloader_france","Instagram Downloader France - Best Tool","High speed media saving for users in France."
"https://savclip.com/en/facebook_downloader_france","Facebook Downloader France - Free","Download Facebook videos safely in France."
"https://savclip.com/en/instagram_downloader_italy","Instagram Downloader Italy - Best Tool","High speed media saving for users in Italy."
"https://savclip.com/en/facebook_downloader_italy","Facebook Downloader Italy - Free","Download Facebook videos safely in Italy."
"https://savclip.com/en/instagram_downloader_spain","Instagram Downloader Spain - Best Tool","High speed media saving for users in Spain."
"https://savclip.com/en/facebook_downloader_spain","Facebook Downloader Spain - Free","Download Facebook videos safely in Spain."
"https://savclip.com/en/instagram_downloader_turkey","Instagram Downloader Turkey - Best Tool","High speed media saving for users in Turkey."
"https://savclip.com/en/facebook_downloader_turkey","Facebook Downloader Turkey - Free","Download Facebook videos safely in Turkey."
"https://savclip.com/en/instagram_downloader_russia","Instagram Downloader Russia - Best Tool","High speed media saving for users in Russia."
"https://savclip.com/en/facebook_downloader_russia","Facebook Downloader Russia - Free","Download Facebook videos safely in Russia."
"https://savclip.com/en/instagram_downloader_japan","Instagram Downloader Japan - Best Tool","High speed media saving for users in Japan."
"https://savclip.com/en/facebook_downloader_japan","Facebook Downloader Japan - Free","Download Facebook videos safely in Japan."
"https://savclip.com/en/instagram_downloader_korea","Instagram Downloader Korea - Best Tool","High speed media saving for users in Korea."
"https://savclip.com/en/facebook_downloader_korea","Facebook Downloader Korea - Free","Download Facebook videos safely in Korea."
"https://savclip.com/en/instagram_downloader_vietnam","Instagram Downloader Vietnam - Best Tool","High speed media saving for users in Vietnam."
"https://savclip.com/en/facebook_downloader_vietnam","Facebook Downloader Vietnam - Free","Download Facebook videos safely in Vietnam."
"https://savclip.com/en/instagram_downloader_thailand","Instagram Downloader Thailand - Best Tool","High speed media saving for users in Thailand."
"https://savclip.com/en/facebook_downloader_thailand","Facebook Downloader Thailand - Free","Download Facebook videos safely in Thailand."
"https://savclip.com/en/instagram_downloader_philippines","Instagram Downloader Philippines - Best Tool","High speed media saving for users in Philippines."
"https://savclip.com/en/facebook_downloader_philippines","Facebook Downloader Philippines - Free","Download Facebook videos safely in Philippines."
"https://savclip.com/en/instagram_downloader_egypt","Instagram Downloader Egypt - Best Tool","High speed media saving for users in Egypt."
"https://savclip.com/en/facebook_downloader_egypt","Facebook Downloader Egypt - Free","Download Facebook videos safely in Egypt."
"https://savclip.com/en/instagram_downloader_nigeria","Instagram Downloader Nigeria - Best Tool","High speed media saving for users in Nigeria."
"https://savclip.com/en/facebook_downloader_nigeria","Facebook Downloader Nigeria - Free","Download Facebook videos safely in Nigeria."
"https://savclip.com/en/instagram_downloader_south_africa","Instagram Downloader South Africa - Best Tool","High speed media saving for users in South Africa."
"https://savclip.com/en/facebook_downloader_south_africa","Facebook Downloader South Africa - Free","Download Facebook videos safely in South Africa."
"https://savclip.com/en/instagram_downloader_canada","Instagram Downloader Canada - Best Tool","High speed media saving for users in Canada."
"https://savclip.com/en/facebook_downloader_canada","Facebook Downloader Canada - Free","Download Facebook videos safely in Canada."
"https://savclip.com/en/instagram_downloader_australia","Instagram Downloader Australia - Best Tool","High speed media saving for users in Australia."
"https://savclip.com/en/facebook_downloader_australia","Facebook Downloader Australia - Free","Download Facebook videos safely in Australia."
"https://savclip.com/en/instagram_4k_video_downloader","Instagram 4k video - SavClip","Download instagram content with professional 4k video support."
"https://savclip.com/en/instagram_high_speed_downloader","Instagram High speed - SavClip","Download instagram content with professional high speed support."
"https://savclip.com/en/instagram_no_ads_downloader","Instagram No ads - SavClip","Download instagram content with professional no ads support."
"https://savclip.com/en/instagram_unlimited_downloader","Instagram Unlimited - SavClip","Download instagram content with professional unlimited support."
"https://savclip.com/en/instagram_safe_downloader","Instagram Safe - SavClip","Download instagram content with professional safe support."
"https://savclip.com/en/instagram_hd_audio_downloader","Instagram Hd audio - SavClip","Download instagram content with professional hd audio support."
"https://savclip.com/en/instagram_mp3_converter_downloader","Instagram Mp3 converter - SavClip","Download instagram content with professional mp3 converter support."
"https://savclip.com/en/instagram_mp4_converter_downloader","Instagram Mp4 converter - SavClip","Download instagram content with professional mp4 converter support."
"https://savclip.com/en/instagram_gallery_saver_downloader","Instagram Gallery saver - SavClip","Download instagram content with professional gallery saver support."
"https://savclip.com/en/facebook_4k_video_downloader","Facebook 4k video - SavClip","Download facebook content with professional 4k video support."
"https://savclip.com/en/facebook_high_speed_downloader","Facebook High speed - SavClip","Download facebook content with professional high speed support."
"https://savclip.com/en/facebook_no_ads_downloader","Facebook No ads - SavClip","Download facebook content with professional no ads support."
"https://savclip.com/en/facebook_unlimited_downloader","Facebook Unlimited - SavClip","Download facebook content with professional unlimited support."
"https://savclip.com/en/facebook_safe_downloader","Facebook Safe - SavClip","Download facebook content with professional safe support."
"https://savclip.com/en/facebook_hd_audio_downloader","Facebook Hd audio - SavClip","Download facebook content with professional hd audio support."
"https://savclip.com/en/facebook_mp3_converter_downloader","Facebook Mp3 converter - SavClip","Download facebook content with professional mp3 converter support."
"https://savclip.com/en/facebook_mp4_converter_downloader","Facebook Mp4 converter - SavClip","Download facebook content with professional mp4 converter support."
"https://savclip.com/en/facebook_gallery_saver_downloader","Facebook Gallery saver - SavClip","Download facebook content with professional gallery saver support."
"https://savclip.com/en/youtube_4k_video_downloader","Youtube 4k video - SavClip","Download youtube content with professional 4k video support."
"https://savclip.com/en/youtube_high_speed_downloader","Youtube High speed - SavClip","Download youtube content with professional high speed support."
"https://savclip.com/en/youtube_no_ads_downloader","Youtube No ads - SavClip","Download youtube content with professional no ads support."
"https://savclip.com/en/youtube_unlimited_downloader","Youtube Unlimited - SavClip","Download youtube content with professional unlimited support."
"https://savclip.com/en/youtube_safe_downloader","Youtube Safe - SavClip","Download youtube content with professional safe support."
"https://savclip.com/en/youtube_hd_audio_downloader","Youtube Hd audio - SavClip","Download youtube content with professional hd audio support."
"https://savclip.com/en/youtube_mp3_converter_downloader","Youtube Mp3 converter - SavClip","Download youtube content with professional mp3 converter support."
"https://savclip.com/en/youtube_mp4_converter_downloader","Youtube Mp4 converter - SavClip","Download youtube content with professional mp4 converter support."
"https://savclip.com/en/youtube_gallery_saver_downloader","Youtube Gallery saver - SavClip","Download youtube content with professional gallery saver support."
"https://savclip.com/en/tiktok_4k_video_downloader","Tiktok 4k video - SavClip","Download tiktok content with professional 4k video support."
"https://savclip.com/en/tiktok_high_speed_downloader","Tiktok High speed - SavClip","Download tiktok content with professional high speed support."
"https://savclip.com/en/tiktok_no_ads_downloader","Tiktok No ads - SavClip","Download tiktok content with professional no ads support."
"https://savclip.com/en/tiktok_unlimited_downloader","Tiktok Unlimited - SavClip","Download tiktok content with professional unlimited support."
"https://savclip.com/en/tiktok_safe_downloader","Tiktok Safe - SavClip","Download tiktok content with professional safe support."
"https://savclip.com/en/tiktok_hd_audio_downloader","Tiktok Hd audio - SavClip","Download tiktok content with professional hd audio support."
"https://savclip.com/en/tiktok_mp3_converter_downloader","Tiktok Mp3 converter - SavClip","Download tiktok content with professional mp3 converter support."
"https://savclip.com/en/tiktok_mp4_converter_downloader","Tiktok Mp4 converter - SavClip","Download tiktok content with professional mp4 converter support."
"https://savclip.com/en/tiktok_gallery_saver_downloader","Tiktok Gallery saver - SavClip","Download tiktok content with professional gallery saver support."
"https://savclip.com/en/snapchat_4k_video_downloader","Snapchat 4k video - SavClip","Download snapchat content with professional 4k video support."
"https://savclip.com/en/snapchat_high_speed_downloader","Snapchat High speed - SavClip","Download snapchat content with professional high speed support."
"https://savclip.com/en/snapchat_no_ads_downloader","Snapchat No ads - SavClip","Download snapchat content with professional no ads support."
"https://savclip.com/en/snapchat_unlimited_downloader","Snapchat Unlimited - SavClip","Download snapchat content with professional unlimited support."
"https://savclip.com/en/snapchat_safe_downloader","Snapchat Safe - SavClip","Download snapchat content with professional safe support."
"https://savclip.com/en/snapchat_hd_audio_downloader","Snapchat Hd audio - SavClip","Download snapchat content with professional hd audio support."
"https://savclip.com/en/snapchat_mp3_converter_downloader","Snapchat Mp3 converter - SavClip","Download snapchat content with professional mp3 converter support."
"https://savclip.com/en/snapchat_mp4_converter_downloader","Snapchat Mp4 converter - SavClip","Download snapchat content with professional mp4 converter support."
"https://savclip.com/en/snapchat_gallery_saver_downloader","Snapchat Gallery saver - SavClip","Download snapchat content with professional gallery saver support."
"https://savclip.com/en/twitter_4k_video_downloader","Twitter 4k video - SavClip","Download twitter content with professional 4k video support."
"https://savclip.com/en/twitter_high_speed_downloader","Twitter High speed - SavClip","Download twitter content with professional high speed support."
"https://savclip.com/en/twitter_no_ads_downloader","Twitter No ads - SavClip","Download twitter content with professional no ads support."
"https://savclip.com/en/twitter_unlimited_downloader","Twitter Unlimited - SavClip","Download twitter content with professional unlimited support."
"https://savclip.com/en/twitter_safe_downloader","Twitter Safe - SavClip","Download twitter content with professional safe support."
"https://savclip.com/en/twitter_hd_audio_downloader","Twitter Hd audio - SavClip","Download twitter content with professional hd audio support."
"https://savclip.com/en/twitter_mp3_converter_downloader","Twitter Mp3 converter - SavClip","Download twitter content with professional mp3 converter support."
"https://savclip.com/en/twitter_mp4_converter_downloader","Twitter Mp4 converter - SavClip","Download twitter content with professional mp4 converter support."
"https://savclip.com/en/twitter_gallery_saver_downloader","Twitter Gallery saver - SavClip","Download twitter content with professional gallery saver support."
"https://savclip.com/en/instagram_video_download_hd","Instagram Video Download HD - 8K & HD Video Downloader","Experience true 4K and 8K video extraction from Instagram with our elite media engine. We preserve original HDR color profiles and high bitrates that other down"
"https://savclip.com/en/instagram_photo_download_hd","Instagram Photo Download HD - 8K & HD Video Downloader","Experience true 4K and 8K video extraction from Instagram with our elite media engine. We preserve original HDR color profiles and high bitrates that other down"
"https://savclip.com/en/instagram_story_download_hd","Instagram Story Download HD - Anonymous Story Downloader","View and download Instagram stories and highlights with absolute anonymity. Our private extraction engine ensures that the uploader never knows you viewed or sa"
"https://savclip.com/en/instagram_reels_download_without_watermark","Instagram Reels Download Without Watermark - No Watermark Video Downlo","Download Instagram videos without intrusive watermarks or platform branding. Our tool strips away logos to provide a clean, professional-grade video file. Perfe"
"https://savclip.com/en/instagram_video_without_watermark","Instagram Video Without Watermark - No Watermark Video Downloader","Download Instagram videos without intrusive watermarks or platform branding. Our tool strips away logos to provide a clean, professional-grade video file. Perfe"
"https://savclip.com/en/instagram_reels_saver","Instagram Reels Saver - Fast & HD","If you are looking for an 'Instagram Reels Saver' that actually works, you have arrived at the right destination. Our platform is built for speed and privacy."
"https://savclip.com/en/instagram_video_saver","Instagram Video Saver - Download Instagram Media in HD","Our Instagram Video Saver tool is the premier choice for creators and social media enthusiasts. In the digital age, being able to archive high-quality media is "
"https://savclip.com/en/download_instagram_video_online","Download Instagram Video Online - Download Instagram Media in HD","Our Download Instagram Video Online tool is the premier choice for creators and social media enthusiasts. In the digital age, being able to archive high-quality"
"https://savclip.com/en/download_instagram_reels_online","Download Instagram Reels Online - Download Instagram Media in HD","Our Download Instagram Reels Online tool is the premier choice for creators and social media enthusiasts. In the digital age, being able to archive high-quality"
"https://savclip.com/en/insta_video_downloader","Insta Video Downloader - Download Instagram Media in HD","Our Insta Video Downloader tool is the premier choice for creators and social media enthusiasts. In the digital age, being able to archive high-quality media is"
"https://savclip.com/en/insta_reels_downloader","Insta Reels Downloader - Download Instagram Media in HD","Our Insta Reels Downloader tool is the premier choice for creators and social media enthusiasts. In the digital age, being able to archive high-quality media is"
"https://savclip.com/en/insta_story_downloader","Insta Story Downloader - Download Instagram Media in HD","Our Insta Story Downloader tool is the premier choice for creators and social media enthusiasts. In the digital age, being able to archive high-quality media is"
"https://savclip.com/en/instagram_profile_picture_download","Instagram Profile Picture Download - Download Instagram Media in HD","Our Instagram Profile Picture Download tool is the premier choice for creators and social media enthusiasts. In the digital age, being able to archive high-qual"
"https://savclip.com/en/instagram_carousel_download","Instagram Carousel Download - Professional Video Downloader","The premier destination for high-fidelity Instagram media archiving. Our service is optimized for speed and privacy, ensuring large files are processed in secon"
"https://savclip.com/en/instagram_album_download","Instagram Album Download - Download Instagram Media in HD","Our Instagram Album Download tool is the premier choice for creators and social media enthusiasts. In the digital age, being able to archive high-quality media "
"https://savclip.com/en/instagram_thumbnail_downloader","Instagram Thumbnail Downloader - Download Instagram Media in HD","Our Instagram Thumbnail Downloader tool is the premier choice for creators and social media enthusiasts. In the digital age, being able to archive high-quality "
"https://savclip.com/en/instagram_reel_converter","Instagram Reel Converter - Professional Video Downloader","The premier destination for high-fidelity Instagram media archiving. Our service is optimized for speed and privacy, ensuring large files are processed in secon"
"https://savclip.com/en/save_instagram_video","Save Instagram Video For Free - Anonymous HD","If you are looking to 'Save Instagram Video' content with total peace of mind, you have arrived at the right destination. Our platform is built for speed and pr"
"https://savclip.com/en/save_instagram_reels","Save Instagram Reels - Professional Video Downloader","The premier destination for high-fidelity Instagram media archiving. Our service is optimized for speed and privacy, ensuring large files are processed in secon"
"https://savclip.com/en/instagram_story_saver","Instagram Story Saver - Anonymous Story Downloader","View and download Instagram stories and highlights with absolute anonymity. Our private extraction engine ensures that the uploader never knows you viewed or sa"
"https://savclip.com/en/instagram_downloader","Fastest Instagram Downloader Online - SavClip","Our 'Instagram Downloader' is engineered for speed and precision. We use high-bandwidth servers and direct-stream extraction to ensure that you can save any Ins"
"https://savclip.com/en/reels_downloader","Best Reels Downloader Online - No Watermark","Our 'Reels Downloader' is specifically tuned for vertical media. We focus on 'Zero-Lag Metadata Fetching,' ensuring your Reels Downloader session starts instant"
"https://savclip.com/en/reels_download_hd","Reels Download HD - High Quality Instagram Reels","Our 'Reels Download HD' portal is optimized for high-bitrate video streams. We ensure that your HD content is saved with zero pixelation and original frame rate"
"https://savclip.com/en/reels_download_without_watermark","Reels Download Without Watermark - Clean Video extraction","Our advanced extraction engine is designed to strip away platform branding while maintaining 100% of the original visual data. Perfect for high-end video archiv"
"https://savclip.com/en/instagram_reels_mp4","Instagram Reels MP4 - Universal Video Downloader","Are you seeking an 'Instagram Reels MP4' solution that works on every device? Our station is specifically tuned for universal compatibility and high-fidelity ou"
"https://savclip.com/en/reels_video_download","Reels Video Download Online - Fast & Free","Are you looking for a 'Reels Video Download' solution built for speed? Our dashboard is specifically optimized for high-volume requests and instant fetching."
"https://savclip.com/en/online_reels_downloader","Online Reels Downloader - No App Required","Are you searching for an 'Online Reels Downloader' that is safe and fast? Our platform works directly in your browser, ensuring no malware or storage clutter."
"https://savclip.com/en/fast_reels_downloader","Fast Reels Downloader - High Speed Vertical Saves","If you are looking for a 'Fast Reels Downloader' that delivers results in milliseconds, you are in the right place. Our servers are optimized for high-volume ex"
"https://savclip.com/en/download_instagram_video","Download Instagram Video Online - HD Quality","Our 'Download Instagram Video' station is the definitive solution for users who want original quality without technical friction."
"https://savclip.com/en/instagram_video_mp4","Instagram Video MP4 - Universal Video Downloader","Are you seeking an 'Instagram Video MP4' solution that works everywhere? Our platform is optimized for universal compatibility and high-fidelity output."
"https://savclip.com/en/online_instagram_video_downloader","Online Instagram Video Downloader - No App Required","Searching for an 'Online Instagram Video Downloader' that is safe and fast? Our platform works directly in your browser, ensuring no malware or storage clutter."
"https://savclip.com/en/fast_instagram_video_downloader","Fast Instagram Video Downloader - High Speed Media Saves","If you are looking for a 'Fast Instagram Video Downloader' that delivers results in record time, you are in the right place. Our servers are optimized for indus"
"https://savclip.com/en/instagram_story_downloader","Instagram Story Downloader - Anonymous & Secure","Are you searching for an 'Instagram Story Downloader' that preserves your anonymity? Our tool is engineered for 100% private extraction without notifying the up"
"https://savclip.com/en/download_instagram_story","Download Instagram Story For Free - Anonymous HD","If you are looking to 'Download Instagram Story' content with total peace of mind, you have arrived at the right destination. Our platform is built for speed an"
"https://savclip.com/en/story_download_hd","Story Download HD - High Quality Instagram Stories","Searching for a 'Story Download HD' solution that delivers unmatched clarity? Our station is specifically tuned for high-bitrate story streams."
"https://savclip.com/en/instagram_anonymous_story_viewer","Instagram Anonymous Story Viewer - Private Viewing","Looking for an 'Instagram Anonymous Story Viewer' that actually works? Our portal provides a 100% private environment for viewing and saving stories."
"https://savclip.com/en/story_without_watermark","Story Without Watermark - Clean Story Extraction","Are you looking for a way to get a 'Story Without Watermark'? Our portal is specifically tuned to remove platform logos and overlays from stories."
"https://savclip.com/en/online_story_downloader","Online Story Downloader - No App Required","Searching for an 'Online Story Downloader' that is safe and fast? Our platform works directly in your browser, ensuring no malware or storage clutter."
"https://savclip.com/en/instagram_photo_downloader","Instagram Photo Downloader - Original Quality HD","Searching for an 'Instagram Photo Downloader' that preserves original quality? Our tool is engineered for high-resolution image extraction."
"https://savclip.com/en/download_instagram_photo","Download Instagram Photo For Free - HD Quality","Are you looking to 'Download Instagram Photo' content with original clarity? Our platform is built for speed and visual transparency."
"https://savclip.com/en/photo_download_hd","Photo Download HD - High Quality Instagram Photos","Searching for a 'Photo Download HD' solution that delivers unmatched clarity? Our station is specifically tuned for high-resolution image streams."
"https://savclip.com/en/instagram_image_downloader","Instagram Image Downloader - HD & Secure","Are you searching for an 'Instagram Image Downloader' that preserves original quality? Our tool is engineered for high-resolution image extraction."
"https://savclip.com/en/save_instagram_photo","Save Instagram Photo For Free - Anonymous HD","If you are looking to 'Save Instagram Photo' content with total peace of mind, you have arrived at the right destination. Our platform is built for speed and pr"
"https://savclip.com/en/online_photo_downloader","Online Photo Downloader - No App Required","Searching for an 'Online Photo Downloader' that is safe and fast? Our platform works directly in your browser, ensuring no malware or storage clutter."
"https://savclip.com/en/instagram_igtv_downloader","Instagram IGTV Downloader - Long Form Video Save","Are you searching for an 'Instagram IGTV Downloader' that handles long videos? Our tool is engineered for high-resolution extraction of any IGTV content."
"https://savclip.com/en/download_instagram_igtv","Download Instagram IGTV Online - HD Quality","Our 'Download Instagram IGTV' station is the definitive solution for users who want original quality without technical friction."
"https://savclip.com/en/igtv_download_hd","IGTV Download HD - High Quality Instagram IGTV","Searching for an 'IGTV Download HD' solution that delivers unmatched clarity? Our station is specifically tuned for high-bitrate video streams."
"https://savclip.com/en/instagram_igtv_saver","Instagram IGTV Saver - HD & Secure","Are you searching for an 'Instagram IGTV Saver' that preserves original quality? Our tool is engineered for high-resolution video extraction."
"https://savclip.com/en/online_igtv_downloader","Online IGTV Downloader - No App Required","Searching for an 'Online IGTV Downloader' that is safe and fast? Our platform works directly in your browser, ensuring no malware or storage clutter."
"https://savclip.com/en/tiktok_mp3_download","Tiktok Mp3 Download - MP3 & Audio Downloader","Extract high-fidelity audio from TikTok videos instantly. Our specialized MP3 converter ensures original bitrate preservation for professional-grade sound quali"
"https://savclip.com/en/tiktok_story_download","Tiktok Story Download - Anonymous Story Downloader","View and download TikTok stories and highlights with absolute anonymity. Our private extraction engine ensures that the uploader never knows you viewed or saved"
"https://savclip.com/en/facebook_story_download","Facebook Story Download - Anonymous Story Downloader","View and download Facebook stories and highlights with absolute anonymity. Our private extraction engine ensures that the uploader never knows you viewed or sav"
"https://savclip.com/en/fb_video_saver","Fb Video Saver - Anonymous Story Downloader","View and download Facebook stories and highlights with absolute anonymity. Our private extraction engine ensures that the uploader never knows you viewed or sav"
"https://savclip.com/en/save_fb_reels","Save Fb Reels - Professional Video Downloader","The premier destination for high-fidelity Facebook media archiving. Our service is optimized for speed and privacy, ensuring large files are processed in second"
"https://savclip.com/en/youtube_thumbnail_download","Youtube Thumbnail Download - Professional Video Downloader","The premier destination for high-fidelity YouTube media archiving. Our service is optimized for speed and privacy, ensuring large files are processed in seconds"
"https://savclip.com/en/yt_shorts_saver","Yt Shorts Saver - Anonymous Story Downloader","View and download YouTube stories and highlights with absolute anonymity. Our private extraction engine ensures that the uploader never knows you viewed or save"
"https://savclip.com/en/download_yt_video","Download Yt Video - Professional Video Downloader","The premier destination for high-fidelity YouTube media archiving. Our service is optimized for speed and privacy, ensuring large files are processed in seconds"
"https://savclip.com/en/snapchat_story_downloader","Snapchat Story Downloader - Anonymous Story Downloader","View and download Snapchat stories and highlights with absolute anonymity. Our private extraction engine ensures that the uploader never knows you viewed or sav"
"https://savclip.com/en/snap_video_saver","Snap Video Saver - Anonymous Story Downloader","View and download Snapchat stories and highlights with absolute anonymity. Our private extraction engine ensures that the uploader never knows you viewed or sav"
"https://savclip.com/en/twitter_video_downloader_hd","Twitter Video Downloader HD - 8K & HD Video Downloader","Experience true 4K and 8K video extraction from Twitter with our elite media engine. We preserve original HDR color profiles and high bitrates that other downlo"
"https://savclip.com/en/instagram_story_download","Instagram Story Download - Anonymous Story Downloader","View and download Instagram stories and highlights with absolute anonymity. Our private extraction engine ensures that the uploader never knows you viewed or sa"
"https://savclip.com/en/facebook_reels_downloader","Facebook Reels Downloader - Professional Video Downloader","The premier destination for high-fidelity Facebook media archiving. Our service is optimized for speed and privacy, ensuring large files are processed in second"
"https://savclip.com/en/youtube_shorts_downloader","Youtube Shorts Downloader - Professional Video Downloader","The premier destination for high-fidelity YouTube media archiving. Our service is optimized for speed and privacy, ensuring large files are processed in seconds"